game_id,play_id,source_play_id,frame_id,nfl_id,player_label,player_side,player_position,x,y,node_stress,frame_dci,frame_dis
2023121009,2023121009_247,247,1,53887,DE #53887,Defense,DE,51.589,22.035,0.367598,0.582554,0.000000
2023121009,2023121009_247,247,1,52792,DT #52792,Defense,DT,52.104,30.906,0.374072,0.582554,0.000000
2023121009,2023121009_247,247,1,46144,DT #46144,Defense,DT,53.963,31.097,0.419930,0.582554,0.000000
2023121009,2023121009_247,247,1,54568,OLB #54568,Defense,OLB,52.74,31.004,0.386007,0.582554,0.000000
2023121009,2023121009_247,247,1,41595,NT #41595,Defense,NT,51.344,17.977,0.706119,0.582554,0.000000
2023121009,2023121009_247,247,1,54495,DE #54495,Defense,DE,51.429,29.909,0.296222,0.582554,0.000000
2023121009,2023121009_247,247,1,52471,ILB #52471,Defense,ILB,51.491,21.992,0.372173,0.582554,0.000000
2023121009,2023121009_247,247,1,43290,QB #43290,Offense,QB,48.599,26.918,0.0,0.582554,0.000000
2023121009,2023121009_247,247,1,44930,WR #44930,Offense,WR,49.699,15.998,0.0,0.582554,0.000000
2023121009,2023121009_247,247,1,52423,WR #52423,Offense,WR,49.703,30.997,0.0,0.582554,0.000000
2023121009,2023121009_247,247,1,56513,RB #56513,Offense,RB,49.908,26.935,0.0,0.582554,0.000000
2023121009,2023121009_247,247,2,53887,DE #53887,Defense,DE,51.664,21.903,0.392057,0.573431,0.149542
2023121009,2023121009_247,247,2,52792,DT #52792,Defense,DT,52.046,30.927,0.394105,0.573431,0.149542
2023121009,2023121009_247,247,2,46144,DT #46144,Defense,DT,52.543,30.898,0.383566,0.573431,0.149542
2023121009,2023121009_247,247,2,54568,OLB #54568,Defense,OLB,52.578,30.909,0.384059,0.573431,0.149542
2023121009,2023121009_247,247,2,41595,NT #41595,Defense,NT,54.071,17.795,0.716024,0.573431,0.149542
2023121009,2023121009_247,247,2,54495,DE #54495,Defense,DE,54.701,29.983,0.327506,0.573431,0.149542
2023121009,2023121009_247,247,2,52471,ILB #52471,Defense,ILB,54.904,21.997,0.388669,0.573431,0.149542
2023121009,2023121009_247,247,2,43290,QB #43290,Offense,QB,48.964,26.635,0.0,0.573431,0.149542
2023121009,2023121009_247,247,2,44930,WR #44930,Offense,WR,49.505,16.029,0.0,0.573431,0.149542
2023121009,2023121009_247,247,2,52423,WR #52423,Offense,WR,49.73,30.788,0.0,0.573431,0.149542
2023121009,2023121009_247,247,2,56513,RB #56513,Offense,RB,49.763,26.475,0.0,0.573431,0.149542
2023121009,2023121009_247,247,3,53887,DE #53887,Defense,DE,51.899,22.051,0.369618,0.579471,0.128079
2023121009,2023121009_247,247,3,52792,DT #52792,Defense,DT,52.038,31.036,0.380674,0.579471,0.128079
2023121009,2023121009_247,247,3,46144,DT #46144,Defense,DT,53.81,30.94,0.394390,0.579471,0.128079
2023121009,2023121009_247,247,3,54568,OLB #54568,Defense,OLB,51.088,30.964,0.386544,0.579471,0.128079
2023121009,2023121009_247,247,3,41595,NT #41595,Defense,NT,54.765,18.156,0.724118,0.579471,0.128079
2023121009,2023121009_247,247,3,54495,DE #54495,Defense,DE,51.114,30.038,0.311759,0.579471,0.128079
2023121009,2023121009_247,247,3,52471,ILB #52471,Defense,ILB,51.018,22.124,0.376597,0.579471,0.128079
2023121009,2023121009_247,247,3,43290,QB #43290,Offense,QB,48.973,26.431,0.0,0.579471,0.128079
2023121009,2023121009_247,247,3,44930,WR #44930,Offense,WR,49.415,15.722,0.0,0.579471,0.128079
2023121009,2023121009_247,247,3,52423,WR #52423,Offense,WR,49.604,31.072,0.0,0.579471,0.128079
2023121009,2023121009_247,247,3,56513,RB #56513,Offense,RB,49.576,27.301,0.0,0.579471,0.128079
2023121009,2023121009_247,247,4,53887,DE #53887,Defense,DE,54.349,21.846,0.395918,0.574826,0.110366
2023121009,2023121009_247,247,4,52792,DT #52792,Defense,DT,52.093,30.981,0.388466,0.574826,0.110366
2023121009,2023121009_247,247,4,46144,DT #46144,Defense,DT,51.177,31.337,0.439130,0.574826,0.110366
2023121009,2023121009_247,247,4,54568,OLB #54568,Defense,OLB,53.873,30.936,0.381286,0.574826,0.110366
2023121009,2023121009_247,247,4,41595,NT #41595,Defense,NT,54.255,18.057,0.704260,0.574826,0.110366
2023121009,2023121009_247,247,4,54495,DE #54495,Defense,DE,52.249,29.853,0.293958,0.574826,0.110366
2023121009,2023121009_247,247,4,52471,ILB #52471,Defense,ILB,53.648,21.984,0.373197,0.574826,0.110366
2023121009,2023121009_247,247,4,43290,QB #43290,Offense,QB,49.322,26.573,0.0,0.574826,0.110366
2023121009,2023121009_247,247,4,44930,WR #44930,Offense,WR,48.659,16.438,0.0,0.574826,0.110366
2023121009,2023121009_247,247,4,52423,WR #52423,Offense,WR,49.06,30.357,0.0,0.574826,0.110366
2023121009,2023121009_247,247,4,56513,RB #56513,Offense,RB,49.725,25.311,0.0,0.574826,0.110366
2023121009,2023121009_247,247,5,53887,DE #53887,Defense,DE,55.064,21.702,0.418811,0.572389,0.053587
2023121009,2023121009_247,247,5,52792,DT #52792,Defense,DT,53.811,30.949,0.373530,0.572389,0.053587
2023121009,2023121009_247,247,5,46144,DT #46144,Defense,DT,53.104,31.362,0.408359,0.572389,0.053587
2023121009,2023121009_247,247,5,54568,OLB #54568,Defense,OLB,53.564,31.229,0.395990,0.572389,0.053587
2023121009,2023121009_247,247,5,41595,NT #41595,Defense,NT,51.36,17.815,0.743545,0.572389,0.053587
2023121009,2023121009_247,247,5,54495,DE #54495,Defense,DE,53.446,30.037,0.296651,0.572389,0.053587
2023121009,2023121009_247,247,5,52471,ILB #52471,Defense,ILB,54.138,22.249,0.356392,0.572389,0.053587
2023121009,2023121009_247,247,5,43290,QB #43290,Offense,QB,49.098,26.884,0.0,0.572389,0.053587
2023121009,2023121009_247,247,5,44930,WR #44930,Offense,WR,49.335,15.456,0.0,0.572389,0.053587
2023121009,2023121009_247,247,5,52423,WR #52423,Offense,WR,48.701,30.863,0.0,0.572389,0.053587
2023121009,2023121009_247,247,5,56513,RB #56513,Offense,RB,49.799,26.588,0.0,0.572389,0.053587
2023121009,2023121009_247,247,6,53887,DE #53887,Defense,DE,54.485,21.753,0.403861,0.581721,0.157080
2023121009,2023121009_247,247,6,52792,DT #52792,Defense,DT,52.105,30.786,0.389891,0.581721,0.157080
2023121009,2023121009_247,247,6,46144,DT #46144,Defense,DT,52.141,30.673,0.380326,0.581721,0.157080
2023121009,2023121009_247,247,6,54568,OLB #54568,Defense,OLB,51.257,30.722,0.395023,0.581721,0.157080
2023121009,2023121009_247,247,6,41595,NT #41595,Defense,NT,51.677,18.219,0.660552,0.581721,0.157080
2023121009,2023121009_247,247,6,54495,DE #54495,Defense,DE,50.901,29.204,0.285155,0.581721,0.157080
2023121009,2023121009_247,247,6,52471,ILB #52471,Defense,ILB,54.046,21.448,0.413146,0.581721,0.157080
2023121009,2023121009_247,247,6,43290,QB #43290,Offense,QB,49.075,26.448,0.0,0.581721,0.157080
2023121009,2023121009_247,247,6,44930,WR #44930,Offense,WR,47.825,15.462,0.0,0.581721,0.157080
2023121009,2023121009_247,247,6,52423,WR #52423,Offense,WR,48.845,30.823,0.0,0.581721,0.157080
2023121009,2023121009_247,247,6,56513,RB #56513,Offense,RB,49.491,26.337,0.0,0.581721,0.157080
2023121009,2023121009_247,247,7,53887,DE #53887,Defense,DE,53.746,21.638,0.416313,0.568848,0.052466
2023121009,2023121009_247,247,7,52792,DT #52792,Defense,DT,50.696,30.754,0.385287,0.568848,0.052466
2023121009,2023121009_247,247,7,46144,DT #46144,Defense,DT,51.562,30.855,0.374360,0.568848,0.052466
2023121009,2023121009_247,247,7,54568,OLB #54568,Defense,OLB,52.823,31.248,0.403708,0.568848,0.052466
2023121009,2023121009_247,247,7,41595,NT #41595,Defense,NT,51.726,17.997,0.704440,0.568848,0.052466
2023121009,2023121009_247,247,7,54495,DE #54495,Defense,DE,54.497,30.309,0.370388,0.568848,0.052466
2023121009,2023121009_247,247,7,52471,ILB #52471,Defense,ILB,51.256,22.2,0.363569,0.568848,0.052466
2023121009,2023121009_247,247,7,43290,QB #43290,Offense,QB,49.184,26.709,0.0,0.568848,0.052466
2023121009,2023121009_247,247,7,44930,WR #44930,Offense,WR,47.693,15.719,0.0,0.568848,0.052466
2023121009,2023121009_247,247,7,52423,WR #52423,Offense,WR,47.673,31.328,0.0,0.568848,0.052466
2023121009,2023121009_247,247,7,56513,RB #56513,Offense,RB,48.956,25.054,0.0,0.568848,0.052466
2023121009,2023121009_247,247,8,53887,DE #53887,Defense,DE,52.675,22.003,0.366020,0.569019,0.037872
2023121009,2023121009_247,247,8,52792,DT #52792,Defense,DT,53.615,30.976,0.390490,0.569019,0.037872
2023121009,2023121009_247,247,8,46144,DT #46144,Defense,DT,50.428,31.255,0.444602,0.569019,0.037872
2023121009,2023121009_247,247,8,54568,OLB #54568,Defense,OLB,54.035,30.79,0.384531,0.569019,0.037872
2023121009,2023121009_247,247,8,41595,NT #41595,Defense,NT,53.816,17.88,0.716443,0.569019,0.037872
2023121009,2023121009_247,247,8,54495,DE #54495,Defense,DE,51.111,30.068,0.331198,0.569019,0.037872
2023121009,2023121009_247,247,8,52471,ILB #52471,Defense,ILB,52.724,21.793,0.383582,0.569019,0.037872
2023121009,2023121009_247,247,8,43290,QB #43290,Offense,QB,48.87,27.006,0.0,0.569019,0.037872
2023121009,2023121009_247,247,8,44930,WR #44930,Offense,WR,48.76,15.331,0.0,0.569019,0.037872
2023121009,2023121009_247,247,8,52423,WR #52423,Offense,WR,48.066,30.754,0.0,0.569019,0.037872
2023121009,2023121009_247,247,8,56513,RB #56513,Offense,RB,49.509,29.228,0.0,0.569019,0.037872
2023121009,2023121009_247,247,9,53887,DE #53887,Defense,DE,52.666,22.42,0.339250,0.601999,0.063908
2023121009,2023121009_247,247,9,52792,DT #52792,Defense,DT,52.387,31.613,0.427572,0.601999,0.063908
2023121009,2023121009_247,247,9,46144,DT #46144,Defense,DT,52.323,30.583,0.341795,0.601999,0.063908
2023121009,2023121009_247,247,9,54568,OLB #54568,Defense,OLB,51.843,30.86,0.367737,0.601999,0.063908
2023121009,2023121009_247,247,9,41595,NT #41595,Defense,NT,51.851,18.541,0.663328,0.601999,0.063908
2023121009,2023121009_247,247,9,54495,DE #54495,Defense,DE,52.261,29.496,0.251412,0.601999,0.063908
2023121009,2023121009_247,247,9,52471,ILB #52471,Defense,ILB,53.452,21.862,0.394912,0.601999,0.063908
2023121009,2023121009_247,247,9,43290,QB #43290,Offense,QB,49.347,26.796,0.0,0.601999,0.063908
2023121009,2023121009_247,247,9,44930,WR #44930,Offense,WR,48.12,15.672,0.0,0.601999,0.063908
2023121009,2023121009_247,247,9,52423,WR #52423,Offense,WR,47.977,30.553,0.0,0.601999,0.063908
2023121009,2023121009_247,247,9,56513,RB #56513,Offense,RB,49.093,26.197,0.0,0.601999,0.063908
2023121009,2023121009_247,247,10,53887,DE #53887,Defense,DE,51.191,21.304,0.429126,0.585557,0.040547
2023121009,2023121009_247,247,10,52792,DT #52792,Defense,DT,53.202,31.298,0.420464,0.585557,0.040547
2023121009,2023121009_247,247,10,46144,DT #46144,Defense,DT,52.527,30.607,0.356264,0.585557,0.040547
2023121009,2023121009_247,247,10,54568,OLB #54568,Defense,OLB,53.984,30.496,0.374730,0.585557,0.040547
2023121009,2023121009_247,247,10,41595,NT #41595,Defense,NT,51.41,18.002,0.698475,0.585557,0.040547
2023121009,2023121009_247,247,10,54495,DE #54495,Defense,DE,52.193,30.013,0.306170,0.585557,0.040547
2023121009,2023121009_247,247,10,52471,ILB #52471,Defense,ILB,51.366,22.658,0.315875,0.585557,0.040547
2023121009,2023121009_247,247,10,43290,QB #43290,Offense,QB,48.837,26.1,0.0,0.585557,0.040547
2023121009,2023121009_247,247,10,44930,WR #44930,Offense,WR,47.006,16.19,0.0,0.585557,0.040547
2023121009,2023121009_247,247,10,52423,WR #52423,Offense,WR,48.557,30.732,0.0,0.585557,0.040547
2023121009,2023121009_247,247,10,56513,RB #56513,Offense,RB,49.6,30.172,0.0,0.585557,0.040547
2023121009,2023121009_247,247,11,53887,DE #53887,Defense,DE,54.132,21.39,0.422403,0.566148,0.110061
2023121009,2023121009_247,247,11,52792,DT #52792,Defense,DT,52.795,30.752,0.368940,0.566148,0.110061
2023121009,2023121009_247,247,11,46144,DT #46144,Defense,DT,53.91,31.065,0.401989,0.566148,0.110061
2023121009,2023121009_247,247,11,54568,OLB #54568,Defense,OLB,52.45,31.041,0.395251,0.566148,0.110061
2023121009,2023121009_247,247,11,41595,NT #41595,Defense,NT,53.196,17.906,0.702133,0.566148,0.110061
2023121009,2023121009_247,247,11,54495,DE #54495,Defense,DE,51.867,30.469,0.357515,0.566148,0.110061
2023121009,2023121009_247,247,11,52471,ILB #52471,Defense,ILB,52.599,21.681,0.388732,0.566148,0.110061
2023121009,2023121009_247,247,11,43290,QB #43290,Offense,QB,48.622,26.483,0.0,0.566148,0.110061
2023121009,2023121009_247,247,11,44930,WR #44930,Offense,WR,46.471,16.21,0.0,0.566148,0.110061
2023121009,2023121009_247,247,11,52423,WR #52423,Offense,WR,47.67,30.553,0.0,0.566148,0.110061
2023121009,2023121009_247,247,11,56513,RB #56513,Offense,RB,48.681,30.108,0.0,0.566148,0.110061
2023121009,2023121009_247,247,12,53887,DE #53887,Defense,DE,54.353,22.151,0.380008,0.590987,0.087475
2023121009,2023121009_247,247,12,52792,DT #52792,Defense,DT,51.519,30.622,0.368040,0.590987,0.087475
2023121009,2023121009_247,247,12,46144,DT #46144,Defense,DT,53.885,31.103,0.415627,0.590987,0.087475
2023121009,2023121009_247,247,12,54568,OLB #54568,Defense,OLB,53.715,30.401,0.355509,0.590987,0.087475
2023121009,2023121009_247,247,12,41595,NT #41595,Defense,NT,50.548,18.723,0.652995,0.590987,0.087475
2023121009,2023121009_247,247,12,54495,DE #54495,Defense,DE,51.743,29.669,0.286463,0.590987,0.087475
2023121009,2023121009_247,247,12,52471,ILB #52471,Defense,ILB,51.68,21.529,0.404449,0.590987,0.087475
2023121009,2023121009_247,247,12,43290,QB #43290,Offense,QB,48.68,26.424,0.0,0.590987,0.087475
2023121009,2023121009_247,247,12,44930,WR #44930,Offense,WR,47.771,15.519,0.0,0.590987,0.087475
2023121009,2023121009_247,247,12,52423,WR #52423,Offense,WR,47.32,30.961,0.0,0.590987,0.087475
2023121009,2023121009_247,247,12,56513,RB #56513,Offense,RB,49.457,26.037,0.0,0.590987,0.087475
2023121009,2023121009_247,247,13,53887,DE #53887,Defense,DE,51.89,21.724,0.395659,0.571221,0.050943
2023121009,2023121009_247,247,13,52792,DT #52792,Defense,DT,52.354,32.073,0.473972,0.571221,0.050943
2023121009,2023121009_247,247,13,46144,DT #46144,Defense,DT,50.902,30.597,0.381566,0.571221,0.050943
2023121009,2023121009_247,247,13,54568,OLB #54568,Defense,OLB,54.336,30.443,0.362810,0.571221,0.050943
2023121009,2023121009_247,247,13,41595,NT #41595,Defense,NT,51.88,18.765,0.639951,0.571221,0.050943
2023121009,2023121009_247,247,13,54495,DE #54495,Defense,DE,54.172,29.899,0.315661,0.571221,0.050943
2023121009,2023121009_247,247,13,52471,ILB #52471,Defense,ILB,53.554,21.282,0.431834,0.571221,0.050943
2023121009,2023121009_247,247,13,43290,QB #43290,Offense,QB,48.89,26.935,0.0,0.571221,0.050943
2023121009,2023121009_247,247,13,44930,WR #44930,Offense,WR,45.826,15.337,0.0,0.571221,0.050943
2023121009,2023121009_247,247,13,52423,WR #52423,Offense,WR,45.797,31.863,0.0,0.571221,0.050943
2023121009,2023121009_247,247,13,56513,RB #56513,Offense,RB,48.474,23.669,0.0,0.571221,0.050943
2023121009,2023121009_247,247,14,53887,DE #53887,Defense,DE,53.395,21.713,0.400616,0.562324,0.033988
2023121009,2023121009_247,247,14,52792,DT #52792,Defense,DT,51.377,31.727,0.450784,0.562324,0.033988
2023121009,2023121009_247,247,14,46144,DT #46144,Defense,DT,52.92,30.455,0.335971,0.562324,0.033988
2023121009,2023121009_247,247,14,54568,OLB #54568,Defense,OLB,53.848,31.437,0.430461,0.562324,0.033988
2023121009,2023121009_247,247,14,41595,NT #41595,Defense,NT,51.463,17.073,0.785819,0.562324,0.033988
2023121009,2023121009_247,247,14,54495,DE #54495,Defense,DE,53.058,30.24,0.319519,0.562324,0.033988
2023121009,2023121009_247,247,14,52471,ILB #52471,Defense,ILB,51.657,22.45,0.340560,0.562324,0.033988
2023121009,2023121009_247,247,14,43290,QB #43290,Offense,QB,49.203,26.573,0.0,0.562324,0.033988
2023121009,2023121009_247,247,14,44930,WR #44930,Offense,WR,46.242,17.292,0.0,0.562324,0.033988
2023121009,2023121009_247,247,14,52423,WR #52423,Offense,WR,47.683,31.569,0.0,0.562324,0.033988
2023121009,2023121009_247,247,14,56513,RB #56513,Offense,RB,49.27,24.184,0.0,0.562324,0.033988
2023121009,2023121009_247,247,15,53887,DE #53887,Defense,DE,50.893,22.402,0.416442,0.592238,0.110308
2023121009,2023121009_247,247,15,52792,DT #52792,Defense,DT,53.635,30.998,0.339578,0.592238,0.110308
2023121009,2023121009_247,247,15,46144,DT #46144,Defense,DT,54.858,30.884,0.364327,0.592238,0.110308
2023121009,2023121009_247,247,15,54568,OLB #54568,Defense,OLB,52.691,32.886,0.490794,0.592238,0.110308
2023121009,2023121009_247,247,15,41595,NT #41595,Defense,NT,55.54,18.707,0.726341,0.592238,0.110308
2023121009,2023121009_247,247,15,54495,DE #54495,Defense,DE,52.26,29.074,0.179872,0.592238,0.110308
2023121009,2023121009_247,247,15,52471,ILB #52471,Defense,ILB,50.097,24.04,0.336979,0.592238,0.110308
2023121009,2023121009_247,247,15,43290,QB #43290,Offense,QB,49.136,26.914,0.0,0.592238,0.110308
2023121009,2023121009_247,247,15,44930,WR #44930,Offense,WR,46.019,16.842,0.0,0.592238,0.110308
2023121009,2023121009_247,247,15,52423,WR #52423,Offense,WR,45.111,30.73,0.0,0.592238,0.110308
2023121009,2023121009_247,247,15,56513,RB #56513,Offense,RB,47.687,23.816,0.0,0.592238,0.110308
2023121009,2023121009_247,247,16,53887,DE #53887,Defense,DE,50.646,21.951,0.362482,0.570949,0.168850
2023121009,2023121009_247,247,16,52792,DT #52792,Defense,DT,50.904,31.037,0.432662,0.570949,0.168850
2023121009,2023121009_247,247,16,46144,DT #46144,Defense,DT,53.431,30.713,0.404886,0.570949,0.168850
2023121009,2023121009_247,247,16,54568,OLB #54568,Defense,OLB,51.803,30.369,0.364710,0.570949,0.168850
2023121009,2023121009_247,247,16,41595,NT #41595,Defense,NT,53.205,17.957,0.676314,0.570949,0.168850
2023121009,2023121009_247,247,16,54495,DE #54495,Defense,DE,51.163,29.32,0.289130,0.570949,0.168850
2023121009,2023121009_247,247,16,52471,ILB #52471,Defense,ILB,54.295,20.731,0.473175,0.570949,0.168850
2023121009,2023121009_247,247,16,43290,QB #43290,Offense,QB,48.464,26.661,0.0,0.570949,0.168850
2023121009,2023121009_247,247,16,44930,WR #44930,Offense,WR,44.324,16.581,0.0,0.570949,0.168850
2023121009,2023121009_247,247,16,52423,WR #52423,Offense,WR,46.837,31.001,0.0,0.570949,0.168850
2023121009,2023121009_247,247,16,56513,RB #56513,Offense,RB,48.819,24.569,0.0,0.570949,0.168850
2023121009,2023121009_247,247,17,53887,DE #53887,Defense,DE,52.295,21.342,0.421848,0.548312,0.124465
2023121009,2023121009_247,247,17,52792,DT #52792,Defense,DT,55.939,31.797,0.517177,0.548312,0.124465
2023121009,2023121009_247,247,17,46144,DT #46144,Defense,DT,50.442,31.609,0.484276,0.548312,0.124465
2023121009,2023121009_247,247,17,54568,OLB #54568,Defense,OLB,51.927,31.344,0.423630,0.548312,0.124465
2023121009,2023121009_247,247,17,41595,NT #41595,Defense,NT,51.195,18.575,0.665097,0.548312,0.124465
2023121009,2023121009_247,247,17,54495,DE #54495,Defense,DE,55.418,28.202,0.257062,0.548312,0.124465
2023121009,2023121009_247,247,17,52471,ILB #52471,Defense,ILB,53.375,21.67,0.392724,0.548312,0.124465
2023121009,2023121009_247,247,17,43290,QB #43290,Offense,QB,48.452,26.538,0.0,0.548312,0.124465
2023121009,2023121009_247,247,17,44930,WR #44930,Offense,WR,45.107,12.839,0.0,0.548312,0.124465
2023121009,2023121009_247,247,17,52423,WR #52423,Offense,WR,43.91,31.809,0.0,0.548312,0.124465
2023121009,2023121009_247,247,17,56513,RB #56513,Offense,RB,49.465,29.05,0.0,0.548312,0.124465
2023121009,2023121009_247,247,18,53887,DE #53887,Defense,DE,53.37,22.701,0.324197,0.550701,0.110795
2023121009,2023121009_247,247,18,52792,DT #52792,Defense,DT,55.396,31.249,0.412468,0.550701,0.110795
2023121009,2023121009_247,247,18,46144,DT #46144,Defense,DT,53.695,32.009,0.453370,0.550701,0.110795
2023121009,2023121009_247,247,18,54568,OLB #54568,Defense,OLB,52.999,31.73,0.435005,0.550701,0.110795
2023121009,2023121009_247,247,18,41595,NT #41595,Defense,NT,53.392,17.096,0.790115,0.550701,0.110795
2023121009,2023121009_247,247,18,54495,DE #54495,Defense,DE,52.076,29.602,0.290045,0.550701,0.110795
2023121009,2023121009_247,247,18,52471,ILB #52471,Defense,ILB,55.559,21.598,0.439893,0.550701,0.110795
2023121009,2023121009_247,247,18,43290,QB #43290,Offense,QB,48.361,26.488,0.0,0.550701,0.110795
2023121009,2023121009_247,247,18,44930,WR #44930,Offense,WR,43.268,15.407,0.0,0.550701,0.110795
2023121009,2023121009_247,247,18,52423,WR #52423,Offense,WR,46.502,31.029,0.0,0.550701,0.110795
2023121009,2023121009_247,247,18,56513,RB #56513,Offense,RB,49.16,25.673,0.0,0.550701,0.110795
2023121009,2023121009_247,247,19,53887,DE #53887,Defense,DE,51.604,22.142,0.328769,0.614794,0.251322
2023121009,2023121009_247,247,19,52792,DT #52792,Defense,DT,53.09,30.726,0.397485,0.614794,0.251322
2023121009,2023121009_247,247,19,46144,DT #46144,Defense,DT,53.127,29.43,0.291689,0.614794,0.251322
2023121009,2023121009_247,247,19,54568,OLB #54568,Defense,OLB,50.689,30.079,0.367929,0.614794,0.251322
2023121009,2023121009_247,247,19,41595,NT #41595,Defense,NT,51.813,18.171,0.654802,0.614794,0.251322
2023121009,2023121009_247,247,19,54495,DE #54495,Defense,DE,52.556,29.55,0.295552,0.614794,0.251322
2023121009,2023121009_247,247,19,52471,ILB #52471,Defense,ILB,53.89,21.951,0.360213,0.614794,0.251322
2023121009,2023121009_247,247,19,43290,QB #43290,Offense,QB,48.575,26.181,0.0,0.614794,0.251322
2023121009,2023121009_247,247,19,44930,WR #44930,Offense,WR,45.559,16.006,0.0,0.614794,0.251322
2023121009,2023121009_247,247,19,52423,WR #52423,Offense,WR,47.253,29.657,0.0,0.614794,0.251322
2023121009,2023121009_247,247,19,56513,RB #56513,Offense,RB,47.645,29.106,0.0,0.614794,0.251322
2023121009,2023121009_247,247,20,53887,DE #53887,Defense,DE,52.773,21.971,0.357168,0.577650,0.150846
2023121009,2023121009_247,247,20,52792,DT #52792,Defense,DT,51.473,31.701,0.480319,0.577650,0.150846
2023121009,2023121009_247,247,20,46144,DT #46144,Defense,DT,54.17,30.909,0.397171,0.577650,0.150846
2023121009,2023121009_247,247,20,54568,OLB #54568,Defense,OLB,54.473,30.278,0.351950,0.577650,0.150846
2023121009,2023121009_247,247,20,41595,NT #41595,Defense,NT,52.474,17.546,0.726526,0.577650,0.150846
2023121009,2023121009_247,247,20,54495,DE #54495,Defense,DE,54.836,29.247,0.283167,0.577650,0.150846
2023121009,2023121009_247,247,20,52471,ILB #52471,Defense,ILB,52.748,21.938,0.360148,0.577650,0.150846
2023121009,2023121009_247,247,20,43290,QB #43290,Offense,QB,48.388,26.29,0.0,0.577650,0.150846
2023121009,2023121009_247,247,20,44930,WR #44930,Offense,WR,46.548,16.755,0.0,0.577650,0.150846
2023121009,2023121009_247,247,20,52423,WR #52423,Offense,WR,44.047,30.674,0.0,0.577650,0.150846
2023121009,2023121009_247,247,20,56513,RB #56513,Offense,RB,47.47,31.917,0.0,0.577650,0.150846
2023121009,2023121009_247,247,21,53887,DE #53887,Defense,DE,52.752,22.12,0.367709,0.594756,0.118307
2023121009,2023121009_247,247,21,52792,DT #52792,Defense,DT,51.887,31.837,0.445716,0.594756,0.118307
2023121009,2023121009_247,247,21,46144,DT #46144,Defense,DT,50.813,31.545,0.441883,0.594756,0.118307
2023121009,2023121009_247,247,21,54568,OLB #54568,Defense,OLB,51.207,30.632,0.359331,0.594756,0.118307
2023121009,2023121009_247,247,21,41595,NT #41595,Defense,NT,54.306,19.662,0.590978,0.594756,0.118307
2023121009,2023121009_247,247,21,54495,DE #54495,Defense,DE,52.137,28.516,0.168914,0.594756,0.118307
2023121009,2023121009_247,247,21,52471,ILB #52471,Defense,ILB,54.58,21.375,0.462174,0.594756,0.118307
2023121009,2023121009_247,247,21,43290,QB #43290,Offense,QB,48.665,26.821,0.0,0.594756,0.118307
2023121009,2023121009_247,247,21,44930,WR #44930,Offense,WR,46.347,15.781,0.0,0.594756,0.118307
2023121009,2023121009_247,247,21,52423,WR #52423,Offense,WR,46.546,33.602,0.0,0.594756,0.118307
2023121009,2023121009_247,247,21,56513,RB #56513,Offense,RB,47.767,28.308,0.0,0.594756,0.118307
2023121009,2023121009_247,247,22,53887,DE #53887,Defense,DE,51.685,21.974,0.377986,0.511072,0.118728
2023121009,2023121009_247,247,22,52792,DT #52792,Defense,DT,54.375,32.392,0.523946,0.511072,0.118728
2023121009,2023121009_247,247,22,46144,DT #46144,Defense,DT,52.628,31.903,0.453473,0.511072,0.118728
2023121009,2023121009_247,247,22,54568,OLB #54568,Defense,OLB,51.411,31.069,0.389221,0.511072,0.118728
2023121009,2023121009_247,247,22,41595,NT #41595,Defense,NT,50.844,17.09,0.790771,0.511072,0.118728
2023121009,2023121009_247,247,22,54495,DE #54495,Defense,DE,50.472,30.4,0.359141,0.511072,0.118728
2023121009,2023121009_247,247,22,52471,ILB #52471,Defense,ILB,54.339,20.493,0.527961,0.511072,0.118728
2023121009,2023121009_247,247,22,43290,QB #43290,Offense,QB,48.604,26.884,0.0,0.511072,0.118728
2023121009,2023121009_247,247,22,44930,WR #44930,Offense,WR,44.994,15.023,0.0,0.511072,0.118728
2023121009,2023121009_247,247,22,52423,WR #52423,Offense,WR,44.206,30.637,0.0,0.511072,0.118728
2023121009,2023121009_247,247,22,56513,RB #56513,Offense,RB,48.718,29.498,0.0,0.511072,0.118728
2023121009,2023121009_247,247,23,53887,DE #53887,Defense,DE,50.849,21.163,0.431337,0.585995,0.131517
2023121009,2023121009_247,247,23,52792,DT #52792,Defense,DT,52.1,30.334,0.355959,0.585995,0.131517
2023121009,2023121009_247,247,23,46144,DT #46144,Defense,DT,50.855,31.599,0.479325,0.585995,0.131517
2023121009,2023121009_247,247,23,54568,OLB #54568,Defense,OLB,53.111,28.859,0.237775,0.585995,0.131517
2023121009,2023121009_247,247,23,41595,NT #41595,Defense,NT,53.394,18.075,0.671392,0.585995,0.131517
2023121009,2023121009_247,247,23,54495,DE #54495,Defense,DE,53.337,30.467,0.372766,0.585995,0.131517
2023121009,2023121009_247,247,23,52471,ILB #52471,Defense,ILB,53.646,22.053,0.349479,0.585995,0.131517
2023121009,2023121009_247,247,23,43290,QB #43290,Offense,QB,48.801,26.484,0.0,0.585995,0.131517
2023121009,2023121009_247,247,23,44930,WR #44930,Offense,WR,44.977,15.979,0.0,0.585995,0.131517
2023121009,2023121009_247,247,23,52423,WR #52423,Offense,WR,43.906,31.017,0.0,0.585995,0.131517
2023121009,2023121009_247,247,23,56513,RB #56513,Offense,RB,48.491,26.911,0.0,0.585995,0.131517
2023121009,2023121009_247,247,24,53887,DE #53887,Defense,DE,51.676,24.628,0.163891,0.595950,0.157186
2023121009,2023121009_247,247,24,52792,DT #52792,Defense,DT,50.237,30.471,0.338836,0.595950,0.157186
2023121009,2023121009_247,247,24,46144,DT #46144,Defense,DT,52.132,32.32,0.482548,0.595950,0.157186
2023121009,2023121009_247,247,24,54568,OLB #54568,Defense,OLB,48.909,31.066,0.428021,0.595950,0.157186
2023121009,2023121009_247,247,24,41595,NT #41595,Defense,NT,53.58,16.988,0.819313,0.595950,0.157186
2023121009,2023121009_247,247,24,54495,DE #54495,Defense,DE,52.322,28.749,0.196663,0.595950,0.157186
2023121009,2023121009_247,247,24,52471,ILB #52471,Defense,ILB,50.961,21.807,0.399080,0.595950,0.157186
2023121009,2023121009_247,247,24,43290,QB #43290,Offense,QB,48.963,25.85,0.0,0.595950,0.157186
2023121009,2023121009_247,247,24,44930,WR #44930,Offense,WR,42.947,14.178,0.0,0.595950,0.157186
2023121009,2023121009_247,247,24,52423,WR #52423,Offense,WR,43.131,33.737,0.0,0.595950,0.157186
2023121009,2023121009_247,247,24,56513,RB #56513,Offense,RB,47.737,25.246,0.0,0.595950,0.157186
2023121009,2023121009_247,247,25,53887,DE #53887,Defense,DE,55.326,21.784,0.435384,0.548014,0.301981
2023121009,2023121009_247,247,25,52792,DT #52792,Defense,DT,52.334,30.272,0.315132,0.548014,0.301981
2023121009,2023121009_247,247,25,46144,DT #46144,Defense,DT,52.242,32.707,0.514116,0.548014,0.301981
2023121009,2023121009_247,247,25,54568,OLB #54568,Defense,OLB,51.949,30.854,0.371236,0.548014,0.301981
2023121009,2023121009_247,247,25,41595,NT #41595,Defense,NT,54.296,18.217,0.706726,0.548014,0.301981
2023121009,2023121009_247,247,25,54495,DE #54495,Defense,DE,54.785,31.195,0.394849,0.548014,0.301981
2023121009,2023121009_247,247,25,52471,ILB #52471,Defense,ILB,53.101,21.547,0.426459,0.548014,0.301981
2023121009,2023121009_247,247,25,43290,QB #43290,Offense,QB,48.308,25.948,0.0,0.548014,0.301981
2023121009,2023121009_247,247,25,44930,WR #44930,Offense,WR,44.139,18.341,0.0,0.548014,0.301981
2023121009,2023121009_247,247,25,52423,WR #52423,Offense,WR,41.574,31.288,0.0,0.548014,0.301981
2023121009,2023121009_247,247,25,56513,RB #56513,Offense,RB,48.205,27.187,0.0,0.548014,0.301981
2023121009,2023121009_247,247,26,53887,DE #53887,Defense,DE,51.818,22.294,0.396509,0.581539,0.051707
2023121009,2023121009_247,247,26,52792,DT #52792,Defense,DT,52.378,30.204,0.296583,0.581539,0.051707
2023121009,2023121009_247,247,26,46144,DT #46144,Defense,DT,52.919,30.297,0.294861,0.581539,0.051707
2023121009,2023121009_247,247,26,54568,OLB #54568,Defense,OLB,54.641,32.046,0.450550,0.581539,0.051707
2023121009,2023121009_247,247,26,41595,NT #41595,Defense,NT,52.076,19.218,0.640171,0.581539,0.051707
2023121009,2023121009_247,247,26,54495,DE #54495,Defense,DE,54.309,31.567,0.405660,0.581539,0.051707
2023121009,2023121009_247,247,26,52471,ILB #52471,Defense,ILB,55.513,21.895,0.444892,0.581539,0.051707
2023121009,2023121009_247,247,26,43290,QB #43290,Offense,QB,48.544,26.167,0.0,0.581539,0.051707
2023121009,2023121009_247,247,26,44930,WR #44930,Offense,WR,43.504,16.481,0.0,0.581539,0.051707
2023121009,2023121009_247,247,26,52423,WR #52423,Offense,WR,44.312,32.248,0.0,0.581539,0.051707
2023121009,2023121009_247,247,26,56513,RB #56513,Offense,RB,48.403,24.768,0.0,0.581539,0.051707
2023121009,2023121009_247,247,27,53887,DE #53887,Defense,DE,52.872,23.458,0.232310,0.579731,0.165238
2023121009,2023121009_247,247,27,52792,DT #52792,Defense,DT,51.804,30.504,0.362873,0.579731,0.165238
2023121009,2023121009_247,247,27,46144,DT #46144,Defense,DT,51.909,31.439,0.439872,0.579731,0.165238
2023121009,2023121009_247,247,27,54568,OLB #54568,Defense,OLB,54.491,31.277,0.465508,0.579731,0.165238
2023121009,2023121009_247,247,27,41595,NT #41595,Defense,NT,51.944,16.05,0.843676,0.579731,0.165238
2023121009,2023121009_247,247,27,54495,DE #54495,Defense,DE,51.285,28.682,0.223565,0.579731,0.165238
2023121009,2023121009_247,247,27,52471,ILB #52471,Defense,ILB,51.286,21.781,0.374078,0.579731,0.165238
2023121009,2023121009_247,247,27,43290,QB #43290,Offense,QB,48.235,26.207,0.0,0.579731,0.165238
2023121009,2023121009_247,247,27,44930,WR #44930,Offense,WR,45.003,15.412,0.0,0.579731,0.165238
2023121009,2023121009_247,247,27,52423,WR #52423,Offense,WR,44.399,29.079,0.0,0.579731,0.165238
2023121009,2023121009_247,247,27,56513,RB #56513,Offense,RB,45.934,24.808,0.0,0.579731,0.165238
2023121009,2023121009_247,247,28,53887,DE #53887,Defense,DE,52.839,21.416,0.413537,0.537092,0.078720
2023121009,2023121009_247,247,28,52792,DT #52792,Defense,DT,53.548,32.031,0.481270,0.537092,0.078720
2023121009,2023121009_247,247,28,46144,DT #46144,Defense,DT,51.215,31.963,0.477780,0.537092,0.078720
2023121009,2023121009_247,247,28,54568,OLB #54568,Defense,OLB,51.389,31.452,0.433109,0.537092,0.078720
2023121009,2023121009_247,247,28,41595,NT #41595,Defense,NT,55.081,17.74,0.751438,0.537092,0.078720
2023121009,2023121009_247,247,28,54495,DE #54495,Defense,DE,50.524,28.727,0.253735,0.537092,0.078720
2023121009,2023121009_247,247,28,52471,ILB #52471,Defense,ILB,52.501,21.209,0.429492,0.537092,0.078720
2023121009,2023121009_247,247,28,43290,QB #43290,Offense,QB,48.526,26.542,0.0,0.537092,0.078720
2023121009,2023121009_247,247,28,44930,WR #44930,Offense,WR,41.265,11.069,0.0,0.537092,0.078720
2023121009,2023121009_247,247,28,52423,WR #52423,Offense,WR,42.369,31.383,0.0,0.537092,0.078720
2023121009,2023121009_247,247,28,56513,RB #56513,Offense,RB,48.195,26.183,0.0,0.537092,0.078720
2023121009,2023121009_247,247,29,53887,DE #53887,Defense,DE,54.945,23.609,0.322511,0.608542,0.108451
2023121009,2023121009_247,247,29,52792,DT #52792,Defense,DT,53.183,32.023,0.485262,0.608542,0.108451
2023121009,2023121009_247,247,29,46144,DT #46144,Defense,DT,52.508,29.27,0.249962,0.608542,0.108451
2023121009,2023121009_247,247,29,54568,OLB #54568,Defense,OLB,52.277,30.942,0.387692,0.608542,0.108451
2023121009,2023121009_247,247,29,41595,NT #41595,Defense,NT,52.063,17.094,0.766479,0.608542,0.108451
2023121009,2023121009_247,247,29,54495,DE #54495,Defense,DE,49.443,27.724,0.255609,0.608542,0.108451
2023121009,2023121009_247,247,29,52471,ILB #52471,Defense,ILB,50.667,23.377,0.272688,0.608542,0.108451
2023121009,2023121009_247,247,29,43290,QB #43290,Offense,QB,48.969,26.378,0.0,0.608542,0.108451
2023121009,2023121009_247,247,29,44930,WR #44930,Offense,WR,42.038,13.328,0.0,0.608542,0.108451
2023121009,2023121009_247,247,29,52423,WR #52423,Offense,WR,46.137,25.983,0.0,0.608542,0.108451
2023121009,2023121009_247,247,29,56513,RB #56513,Offense,RB,46.499,27.566,0.0,0.608542,0.108451
2023121009,2023121009_247,247,30,53887,DE #53887,Defense,DE,52.351,20.915,0.471581,0.548909,0.203224
2023121009,2023121009_247,247,30,52792,DT #52792,Defense,DT,53.701,32.986,0.541917,0.548909,0.203224
2023121009,2023121009_247,247,30,46144,DT #46144,Defense,DT,54.38,29.152,0.239370,0.548909,0.203224
2023121009,2023121009_247,247,30,54568,OLB #54568,Defense,OLB,54.862,33.359,0.586790,0.548909,0.203224
2023121009,2023121009_247,247,30,41595,NT #41595,Defense,NT,51.845,19.606,0.586603,0.548909,0.203224
2023121009,2023121009_247,247,30,54495,DE #54495,Defense,DE,53.563,29.069,0.215637,0.548909,0.203224
2023121009,2023121009_247,247,30,52471,ILB #52471,Defense,ILB,52.296,20.387,0.515741,0.548909,0.203224
2023121009,2023121009_247,247,30,43290,QB #43290,Offense,QB,48.761,26.384,0.0,0.548909,0.203224
2023121009,2023121009_247,247,30,44930,WR #44930,Offense,WR,39.055,20.559,0.0,0.548909,0.203224
2023121009,2023121009_247,247,30,52423,WR #52423,Offense,WR,41.478,30.738,0.0,0.548909,0.203224
2023121009,2023121009_247,247,30,56513,RB #56513,Offense,RB,46.405,29.669,0.0,0.548909,0.203224
2023121009,2023121009_247,247,31,53887,DE #53887,Defense,DE,50.724,22.79,0.371442,0.553035,0.069063
2023121009,2023121009_247,247,31,52792,DT #52792,Defense,DT,54.869,31.655,0.444989,0.553035,0.069063
2023121009,2023121009_247,247,31,46144,DT #46144,Defense,DT,49.855,33.394,0.608201,0.553035,0.069063
2023121009,2023121009_247,247,31,54568,OLB #54568,Defense,OLB,54.254,26.913,0.120635,0.553035,0.069063
2023121009,2023121009_247,247,31,41595,NT #41595,Defense,NT,53.559,18.326,0.702583,0.553035,0.069063
2023121009,2023121009_247,247,31,54495,DE #54495,Defense,DE,53.183,32.265,0.462711,0.553035,0.069063
2023121009,2023121009_247,247,31,52471,ILB #52471,Defense,ILB,53.287,21.728,0.418194,0.553035,0.069063
2023121009,2023121009_247,247,31,43290,QB #43290,Offense,QB,48.11,26.429,0.0,0.553035,0.069063
2023121009,2023121009_247,247,31,44930,WR #44930,Offense,WR,38.4,13.843,0.0,0.553035,0.069063
2023121009,2023121009_247,247,31,52423,WR #52423,Offense,WR,41.253,29.595,0.0,0.553035,0.069063
2023121009,2023121009_247,247,31,56513,RB #56513,Offense,RB,47.155,24.125,0.0,0.553035,0.069063
2023121009,2023121009_247,247,32,53887,DE #53887,Defense,DE,54.218,21.92,0.392401,0.556899,0.048373
2023121009,2023121009_247,247,32,52792,DT #52792,Defense,DT,50.736,30.466,0.384871,0.556899,0.048373
2023121009,2023121009_247,247,32,46144,DT #46144,Defense,DT,52.792,28.837,0.197035,0.556899,0.048373
2023121009,2023121009_247,247,32,54568,OLB #54568,Defense,OLB,51.061,32.761,0.549107,0.556899,0.048373
2023121009,2023121009_247,247,32,41595,NT #41595,Defense,NT,53.179,17.938,0.712803,0.556899,0.048373
2023121009,2023121009_247,247,32,54495,DE #54495,Defense,DE,55.672,31.602,0.477256,0.556899,0.048373
2023121009,2023121009_247,247,32,52471,ILB #52471,Defense,ILB,53.956,21.914,0.388231,0.556899,0.048373
2023121009,2023121009_247,247,32,43290,QB #43290,Offense,QB,48.896,27.097,0.0,0.556899,0.048373
2023121009,2023121009_247,247,32,44930,WR #44930,Offense,WR,43.08,12.927,0.0,0.556899,0.048373
2023121009,2023121009_247,247,32,52423,WR #52423,Offense,WR,45.991,32.417,0.0,0.556899,0.048373
2023121009,2023121009_247,247,32,56513,RB #56513,Offense,RB,47.297,26.298,0.0,0.556899,0.048373
2023121009,2023121009_247,247,33,53887,DE #53887,Defense,DE,55.416,22.41,0.463896,0.509623,0.168341
2023121009,2023121009_247,247,33,52792,DT #52792,Defense,DT,52.101,30.782,0.315713,0.509623,0.168341
2023121009,2023121009_247,247,33,46144,DT #46144,Defense,DT,52.558,33.154,0.513689,0.509623,0.168341
2023121009,2023121009_247,247,33,54568,OLB #54568,Defense,OLB,50.405,32.448,0.479890,0.509623,0.168341
2023121009,2023121009_247,247,33,41595,NT #41595,Defense,NT,54.138,16.69,0.873021,0.509623,0.168341
2023121009,2023121009_247,247,33,54495,DE #54495,Defense,DE,48.779,30.785,0.428817,0.509623,0.168341
2023121009,2023121009_247,247,33,52471,ILB #52471,Defense,ILB,52.435,22.709,0.357613,0.509623,0.168341
2023121009,2023121009_247,247,33,43290,QB #43290,Offense,QB,48.156,26.391,0.0,0.509623,0.168341
2023121009,2023121009_247,247,33,44930,WR #44930,Offense,WR,37.851,15.34,0.0,0.509623,0.168341
2023121009,2023121009_247,247,33,52423,WR #52423,Offense,WR,40.436,31.129,0.0,0.509623,0.168341
2023121009,2023121009_247,247,33,56513,RB #56513,Offense,RB,45.244,27.567,0.0,0.509623,0.168341
